Workbook

Sheet Dados da transferência
A1: Dados da transferência
A2: Preencha somente as células amarelas. Use unidades decimais: 1 TB = 1.000 GB. Os custos são calculados automaticamente na aba Resumo.
A4: Informação | B4: Valor | C4: O que informar e impacto no cálculo
A5: Região AWS | B5: sa-east-1 | C5: Informe o código da região do bucket de origem, por exemplo sa-east-1 ou us-east-1. Deve existir uma linha correspondente na aba Tarifas por região.
A6: Dados totais a transferir (TB) | B6: 1500 | C6: Informe todo o volume da origem em TB decimais. Exemplo: 600 significa 600.000 GB. É usado no custo total e na quantidade de waves.
A7: Quantidade total de arquivos | B7: 9600000 | C7: Informe a quantidade de objetos do discovery S3. Ela determina as estimativas de requests, Batch Operations e polling.
A8: Tamanho máximo da wave (TB) | B8: 5 | C8: Informe o limite de dados por wave. A planilha arredonda a quantidade de waves para cima; a última pode ser menor.
A9: Quantidade calculada de waves | B9: =ROUNDUP(B6/B8,0) -> 300 | C9: Campo calculado automaticamente a partir dos dados totais e do tamanho máximo da wave. Não editar.
A10: Percentual em Deep Archive | B10: 1 | C10: Informe uma fração entre 0 e 1. Use 1 para 100% dos dados em DEEP_ARCHIVE, 0,5 para 50%. Apenas essa parcela recebe custos de restore.
A11: Tier de restore | B11: BULK | C11: Selecione BULK para menor custo e maior prazo, ou STANDARD para maior velocidade e custo. Aplica-se à parcela Deep Archive.
A12: Retenção do restore (dias) | B12: 3 | C12: Informe por quantos dias a cópia temporária S3 Standard ficará disponível após o restore terminar. Para Deep Archive BULK, 2 a 3 dias é mais seguro.
A13: Ciclos esperados de polling por wave | B13: 48 | C13: Informe quantas verificações de disponibilidade a plataforma deve fazer, em média, até o restore ficar pronto. É uma estimativa conservadora de requests.
A14: Transferencia - Vazão efetiva estimada (Mbps) | B14: 1200 | C14: Informe a vazão média efetiva esperada para a cópia, em Mbps. Use uma taxa sustentável medida ou conservadora — não necessariamente a capacidade nominal do link. É usada somente na estimativa de tempo.
A15: Dias uteis no mes para execusao da copia | B15: 21 | C15: A quantidade de dias que serão usados efetivamente para executar a copia dos dados. Usado para o calculo de tempo total gasto na transferencia.

Sheet Tarifas por região
A1: Tarifas por região
A2: Use somente preços públicos AWS. O script de atualização preenche as colunas públicas suportadas para sa-east-1 e us-east-1.
A4: Região AWS | B4: Moeda | C4: Outbound AWS Internet US$/GB | D4: Recuperação Deep Archive BULK US$/GB | E4: Recuperação Deep Archive STANDARD US$/GB | F4: Cópia temporária S3 Standard US$/GB-mês | G4: S3 PUT/LIST US$/1.000 | H4: S3 GET/TAG US$/1.000 | I4: Job Batch US$/job | J4: Objeto Batch US$/objeto | K4: Solicitação de recuperação Deep Archive BULK US$/1.000 | L4: Solicitação de recuperação Deep Archive STANDARD US$/1.000 | M4: Fonte pública / observações
A5: sa-east-1 | B5: USD | C5: 0.15 | D5: 0.008 | E5: 0.028 | F5: 0.0405 | G5: 0.007 | H5: 0.00056 | I5: 0.25 | J5: 1.5e-05 | K5: 0.035 | L5: 0.14 | M5: Valores públicos AWS coletados em 19/08/2026. Atualize antes de usar.
A6: us-east-1 | B6: USD | C6: 0.09 | D6: 0.0025 | E6: 0.02 | F6: 0.0125 | G6: 0.055 | H6: 0.0004 | I6: 0.25 | J6: 0.001 | K6: 0.025 | L6: 0.05 | M6: Valores públicos AWS coletados em 19/08/2026. Atualize antes de usar.

Sheet Resumo
A1: Resumo de custo da migração AWS | H1: Cotacao do dolar
A2: Todos os valores são estimativas com preços públicos AWS. Altere a chave ao lado de outbound para FALSE para excluí-lo dos totais. | H2: 5.16
A4: Métrica | B4: Quantidade | C4: Unidade | D4: Tarifa usada | E4: Fonte da tarifa | F4: Custo estimado | G4: Cálculo / observação | H4: Incluir custo?
A5: Recuperação Deep Archive BULK | B5: ='Dados da transferência'!B8*1000*'Dados da transferência'!B10 -> 5000 | C5: GB | D5: =VLOOKUP('Dados da transferência'!B5,'Tarifas por região'!A:M,4,FALSE) -> 0.008 | E5: AWS pública | F5: =IF('Dados da transferência'!B11="BULK",IFERROR(B5*D5,"Não precificado"),0) -> 40 | G5: BULK: Recuperação de menor custo com disponibilidade em até 48 horas. Indicada para migrações planejadas, com scheduler. | H5: —
A6: Solicitações de recuperação Deep Archive BULK | B6: =ROUNDUP('Dados da transferência'!B7*'Dados da transferência'!B10/'Dados da transferência'!B9,0) -> 32000 | C6: Solicitações | D6: =VLOOKUP('Dados da transferência'!B5,'Tarifas por região'!A:M,11,FALSE)/1000 -> 3.5e-05 | E6: AWS pública | F6: =IF('Dados da transferência'!B11="BULK",IFERROR(B6*D6,"Não precificado"),0) -> 1.12 | G6: BULK: Solicitações individuais enviadas ao S3 Batch Operations, 1 por arquivo. Usa o tier de menor custo, com disponibilidade estimada em até 48 horas. | H6: —
A7: Recuperação Deep Archive STANDARD | B7: ='Dados da transferência'!B8*1000*'Dados da transferência'!B10 -> 5000 | C7: GB | D7: =VLOOKUP('Dados da transferência'!B5,'Tarifas por região'!A:M,5,FALSE) -> 0.028 | E7: AWS pública | F7: =IF('Dados da transferência'!B11="STANDARD",IFERROR(B7*D7,"Não precificado"),0) -> 0 | G7: STANDARD: Recuperação rápida com disponibilidade entre 9-12h quando solicitada via S3 Batch Operations. Mais caro que o BULK. | H7: —
A8: Solicitações de recuperação Deep Archive STANDARD | B8: =ROUNDUP('Dados da transferência'!B7*'Dados da transferência'!B10/'Dados da transferência'!B9,0) -> 32000 | C8: Solicitações | D8: =VLOOKUP('Dados da transferência'!B5,'Tarifas por região'!A:M,12,FALSE)/1000 -> 0.00014 | E8: AWS pública | F8: =IF('Dados da transferência'!B11="STANDARD",IFERROR(B8*D8,"Não precificado"),0) -> 0 | G8: STANDARD: Solicitações individuais enviadas ao S3 Batch Operations, 1 por arquivo. Prioriza disponibilidade entre 9-12 horas, com custo maior que BULK. | H8: —
A9: Cópia temporária restaurada | B9: ='Dados da transferência'!B8*1000*'Dados da transferência'!B10*'Dados da transferência'!B12/30 -> 500 | C9: GB/mês | D9: =VLOOKUP('Dados da transferência'!B5,'Tarifas por região'!A:M,6,FALSE) -> 0.0405 | E9: AWS pública | F9: =IF(H9,IFERROR(B9*D9,"Não precificado"),"-") -> 20.25 | G9: Cópia S3 Standard temporária criada após o restore. O custo é proporcional ao período de retenção informado em dias. | H9: TRUE
A10: S3 Batch Operations | B10: =IF('Dados da transferência'!B10>0,1,0) -> 1 | C10: Jobs | D10: =VLOOKUP('Dados da transferência'!B5,'Tarifas por região'!A:M,9,FALSE) -> 0.25 | E10: AWS pública | F10: =IF(H10,IFERROR(B10*D10,"Não precificado"),"-") -> 0.25 | G10: Cobrança fixa por job de restore submetido para uma wave. | H10: TRUE
A11: Operações por objeto do S3 Batch | B11: =ROUNDUP('Dados da transferência'!B7*'Dados da transferência'!B10/'Dados da transferência'!B9,0) -> 32000 | C11: Objetos | D11: =VLOOKUP('Dados da transferência'!B5,'Tarifas por região'!A:M,10,FALSE) -> 1.5e-05 | E11: AWS pública | F11: =IF(H11,IFERROR(B11*D11,"Não precificado"),"-") -> 0.48 | G11: Cobrança por objeto incluído e processado no manifesto do job. | H11: TRUE
A12: Discovery e polling de restore | B12: =(ROUNDUP('Dados da transferência'!B7/1000,0)*'Dados da transferência'!B13)+ROUNDUP('Dados da transferência'!B7/'Dados da transferência'!B9/1000,0) -> 460832 | C12: Solicitações | D12: =VLOOKUP('Dados da transferência'!B5,'Tarifas por região'!A:M,7,FALSE)/1000 -> 7e-06 | E12: AWS pública | F12: =IF(H12,IFERROR(B12*D12,"Não precificado"),"-") -> 3.225824 | G12: Requisições LIST usadas para inventariar objetos e acompanhar restores. | H12: TRUE
A13: Leituras de objetos S3 | B13: =ROUNDUP('Dados da transferência'!B7*'Dados da transferência'!B10/'Dados da transferência'!B9,0) -> 32000 | C13: Solicitações | D13: =VLOOKUP('Dados da transferência'!B5,'Tarifas por região'!A:M,8,FALSE)/1000 -> 5.6e-07 | E13: AWS pública | F13: =IF(H13,IFERROR(B13*D13,"Não precificado"),"-") -> 0.01792 | G13: Requisições GET para ler cada objeto durante a transferência. | H13: TRUE
A14: Leituras de tags S3 | B14: =ROUNDUP('Dados da transferência'!B7*'Dados da transferência'!B10/'Dados da transferência'!B9,0) -> 32000 | C14: Solicitações | D14: =VLOOKUP('Dados da transferência'!B5,'Tarifas por região'!A:M,8,FALSE)/1000 -> 5.6e-07 | E14: AWS pública | F14: =IF(H14,IFERROR(B14*D14,"Não precificado"),"-") -> 0.01792 | G14: Requisições para obter tags e preservar metadados no destino. | H14: TRUE
A15: Outbound AWS | B15: ='Dados da transferência'!B8*1000 -> 5000 | C15: GB | D15: =VLOOKUP('Dados da transferência'!B5,'Tarifas por região'!A:M,3,FALSE) -> 0.15 | E15: AWS pública | F15: =IF(H15,IFERROR(B15*D15,"Não precificado"),"-") -> - | G15: Transferência de dados de saída da AWS para a OCI, cobrada por GiB quando aplicável. | H15: FALSE
A17: Custo único por wave | F17: =SUM(F5:F15) -> 65.361664 | G17: Valor estimado convertido para reais | H17: =F17*$H$2 -> 337.26619
A18: Custo único do projeto | F18: =F17*'Dados da transferência'!B9 -> 19608.499 | H18: =F18*$H$2 -> 101179.86
A20: Tempo estimado para transferir todos os dados | B20: =IF(OR('Dados da transferência'!B14<=0,'Dados da transferência'!B15<=0),"Informe vazão e dias úteis válidos",INT(ROUND('Dados da transferência'!B6*8000000/'Dados da transferência'!B14/3600,0)/(24*'Dados da transferência'!B15))&" meses, "&INT(MOD(ROUND('Dados da transferência'!B6*8000000/'Dados da transferência'!B14/3600,0),24*'Dados da transferência'!B15)/24)&" dias e "&MOD(ROUND('Dados da transferência'!B6*8000000/'Dados da transferência'!B14/3600,0),24)&" horas") -> 5 meses, 10 dias e 18 horas | G20: =CONCATENATE("Baseado no volume total e na vazão efetiva configurada. Mês operacional = ",'Dados da transferência'!$B$15," dias. Não inclui restore, filas, pausas, retries ou validações.") -> Baseado no volume total e na vazão efetiva configurada. Mês operacional = 21 dias. Não inclui restore, filas, pausas, retries ou validações.
